ETH,USDT
7760.0,5.36e6
29260.0,1.338e7
1880.0,1.033e7
24897.0,1.0920416e7
2224.0,1.48447302e8
12224.0,7.943554e6
12667.0,1.5331491e7
14958.0,7.789972e6
25661.0,1.0595285e7
3263.0,5.9517009e7
14440.0,2.2863352e7
26257.0,1.0354785e7
